incident_index,IPP_lat,IPP_lon,find_lat,find_lon,straight_line_distance_m,source_file,row_kind
1,31.39708335,-111.20643,31.406333,-111.19683,1374.0430256292645,lost_hikers_2022/41598_2022_9502_MOESM3_ESM.csv,REAL_INCIDENT_ENDPOINTS
2,31.42903334,-110.29328,31.429517,-110.30412,1029.9155576335904,lost_hikers_2022/41598_2022_9502_MOESM3_ESM.csv,REAL_INCIDENT_ENDPOINTS
3,31.50571667,-110.67622,31.51,-110.65333,2221.6586917828117,lost_hikers_2022/41598_2022_9502_MOESM3_ESM.csv,REAL_INCIDENT_ENDPOINTS
4,31.72261664,-110.18783,31.741767,-110.19178,2161.9445809991244,lost_hikers_2022/41598_2022_9502_MOESM3_ESM.csv,REAL_INCIDENT_ENDPOINTS
5,31.83521665,-110.3567,31.862267,-110.39655,4818.183547999604,lost_hikers_2022/41598_2022_9502_MOESM3_ESM.csv,REAL_INCIDENT_ENDPOINTS
6,31.90240002,-109.27847,31.8395,-109.27667,6996.237893843667,lost_hikers_2022/41598_2022_9502_MOESM3_ESM.csv,REAL_INCIDENT_ENDPOINTS
7,31.92245,-109.96732,31.921483,-110.03358,6254.472829262292,lost_hikers_2022/41598_2022_9502_MOESM3_ESM.csv,REAL_INCIDENT_ENDPOINTS
8,32.01236667,-109.31572,31.99935,-109.3078,1628.6942514886853,lost_hikers_2022/41598_2022_9502_MOESM3_ESM.csv,REAL_INCIDENT_ENDPOINTS
9,32.33333333,-110.85283,32.3715,-110.86467,4387.258014905335,lost_hikers_2022/41598_2022_9502_MOESM3_ESM.csv,REAL_INCIDENT_ENDPOINTS
10,32.33583333,-110.91017,32.3665,-110.88017,4423.746536346024,lost_hikers_2022/41598_2022_9502_MOESM3_ESM.csv,REAL_INCIDENT_ENDPOINTS
11,32.33699999,-110.91667,32.359833,-110.89767,3103.5051904567163,lost_hikers_2022/41598_2022_9502_MOESM3_ESM.csv,REAL_INCIDENT_ENDPOINTS
12,32.40916665,-110.70983,32.400833,-110.69233,1886.2173015753967,lost_hikers_2022/41598_2022_9502_MOESM3_ESM.csv,REAL_INCIDENT_ENDPOINTS
13,32.41976668,-110.74733,32.3655,-110.77583,6600.916436146047,lost_hikers_2022/41598_2022_9502_MOESM3_ESM.csv,REAL_INCIDENT_ENDPOINTS
14,32.43543332,-110.78933,32.428833,-110.79433,871.1180101932864,lost_hikers_2022/41598_2022_9502_MOESM3_ESM.csv,REAL_INCIDENT_ENDPOINTS
15,32.82141666,-111.20212,32.824667,-111.22717,2368.476436853346,lost_hikers_2022/41598_2022_9502_MOESM3_ESM.csv,REAL_INCIDENT_ENDPOINTS
16,33.37055,-111.11522,33.375283,-111.08918,2474.6814570321744,lost_hikers_2022/41598_2022_9502_MOESM3_ESM.csv,REAL_INCIDENT_ENDPOINTS
17,33.38884999,-111.36565,33.4012,-111.37517,1633.0796190320552,lost_hikers_2022/41598_2022_9502_MOESM3_ESM.csv,REAL_INCIDENT_ENDPOINTS
18,33.39680001,-111.34805,33.4215,-111.3605,2979.7356036766782,lost_hikers_2022/41598_2022_9502_MOESM3_ESM.csv,REAL_INCIDENT_ENDPOINTS
19,33.39705,-111.34787,33.409333,-111.31717,3160.1946570420805,lost_hikers_2022/41598_2022_9502_MOESM3_ESM.csv,REAL_INCIDENT_ENDPOINTS
20,33.39733334,-111.348,33.441667,-111.36767,5256.85439819228,lost_hikers_2022/41598_2022_9502_MOESM3_ESM.csv,REAL_INCIDENT_ENDPOINTS
21,33.39750001,-111.34783,33.415667,-111.365,2573.1070741498884,lost_hikers_2022/41598_2022_9502_MOESM3_ESM.csv,REAL_INCIDENT_ENDPOINTS
22,33.47801666,-111.43767,33.415667,-111.36478,9685.122559783793,lost_hikers_2022/41598_2022_9502_MOESM3_ESM.csv,REAL_INCIDENT_ENDPOINTS
23,33.60398331,-112.51512,33.590333,-112.52283,1677.43772427928,lost_hikers_2022/41598_2022_9502_MOESM3_ESM.csv,REAL_INCIDENT_ENDPOINTS
24,33.70541668,-111.33805,33.67915,-111.31695,3513.034088492457,lost_hikers_2022/41598_2022_9502_MOESM3_ESM.csv,REAL_INCIDENT_ENDPOINTS
25,34.0927,-111.42465,34.068767,-111.43592,2856.4776858082923,lost_hikers_2022/41598_2022_9502_MOESM3_ESM.csv,REAL_INCIDENT_ENDPOINTS
26,34.09278333,-111.42098,34.102333,-111.49033,6473.3589253290365,lost_hikers_2022/41598_2022_9502_MOESM3_ESM.csv,REAL_INCIDENT_ENDPOINTS
27,34.55,-111.63333,34.55,-111.61667,1525.7857893456755,lost_hikers_2022/41598_2022_9502_MOESM3_ESM.csv,REAL_INCIDENT_ENDPOINTS
28,34.55976664,-111.65395,34.540067,-111.70348,5037.355688467869,lost_hikers_2022/41598_2022_9502_MOESM3_ESM.csv,REAL_INCIDENT_ENDPOINTS
29,34.6,-112.55,34.633333,-112.63333,8478.620096813815,lost_hikers_2022/41598_2022_9502_MOESM3_ESM.csv,REAL_INCIDENT_ENDPOINTS
30,34.63041668,-112.5553,34.627233,-112.54577,941.0882741517248,lost_hikers_2022/41598_2022_9502_MOESM3_ESM.csv,REAL_INCIDENT_ENDPOINTS
31,34.82166665,-111.80667,34.818333,-111.79833,846.7695676717657,lost_hikers_2022/41598_2022_9502_MOESM3_ESM.csv,REAL_INCIDENT_ENDPOINTS
32,34.82386665,-111.77513,34.831667,-111.743,3058.302974077723,lost_hikers_2022/41598_2022_9502_MOESM3_ESM.csv,REAL_INCIDENT_ENDPOINTS
33,34.86666667,-111.88333,34.866667,-111.8,7602.516545127978,lost_hikers_2022/41598_2022_9502_MOESM3_ESM.csv,REAL_INCIDENT_ENDPOINTS
34,34.88683332,-111.784,34.902667,-111.78683,1779.4454236694326,lost_hikers_2022/41598_2022_9502_MOESM3_ESM.csv,REAL_INCIDENT_ENDPOINTS
35,34.89333331,-111.86333,34.906667,-111.87603,1881.395983343964,lost_hikers_2022/41598_2022_9502_MOESM3_ESM.csv,REAL_INCIDENT_ENDPOINTS
36,34.90286668,-111.81313,34.891833,-111.80482,1442.0917994420422,lost_hikers_2022/41598_2022_9502_MOESM3_ESM.csv,REAL_INCIDENT_ENDPOINTS
37,34.91666667,-111.8,34.966667,-111.86667,8236.582591802184,lost_hikers_2022/41598_2022_9502_MOESM3_ESM.csv,REAL_INCIDENT_ENDPOINTS
38,34.92530003,-111.7341,34.897333,-111.74117,3175.9148594677617,lost_hikers_2022/41598_2022_9502_MOESM3_ESM.csv,REAL_INCIDENT_ENDPOINTS
39,34.97868334,-111.89643,34.946833,-111.88967,3594.776512624529,lost_hikers_2022/41598_2022_9502_MOESM3_ESM.csv,REAL_INCIDENT_ENDPOINTS
40,35.1938,-114.05703,35.208717,-114.13195,7006.480990471594,lost_hikers_2022/41598_2022_9502_MOESM3_ESM.csv,REAL_INCIDENT_ENDPOINTS
41,35.24375,-111.59967,35.232517,-111.6015,1260.0631969163305,lost_hikers_2022/41598_2022_9502_MOESM3_ESM.csv,REAL_INCIDENT_ENDPOINTS
42,35.33068333,-111.71108,35.334233,-111.6975,1293.585358593121,lost_hikers_2022/41598_2022_9502_MOESM3_ESM.csv,REAL_INCIDENT_ENDPOINTS
43,36.23878333,-112.6892,36.246433,-112.70008,1294.4423143486897,lost_hikers_2022/41598_2022_9502_MOESM3_ESM.csv,REAL_INCIDENT_ENDPOINTS
44,41.54819,-80.33056,41.59006,-80.32647,4668.154660228003,lost_hikers_2022/41598_2022_9502_MOESM3_ESM.csv,REAL_INCIDENT_ENDPOINTS
45,42.0097,-74.42595,42.03544,-74.35565,6474.1425625125,lost_hikers_2022/41598_2022_9502_MOESM3_ESM.csv,REAL_INCIDENT_ENDPOINTS
46,42.02893,-74.33659,42.02902,-74.35191,1265.4165898584456,lost_hikers_2022/41598_2022_9502_MOESM3_ESM.csv,REAL_INCIDENT_ENDPOINTS
47,42.17965,-74.21362,42.18345,-74.19585,1523.959552882812,lost_hikers_2022/41598_2022_9502_MOESM3_ESM.csv,REAL_INCIDENT_ENDPOINTS
48,42.31735,-76.47791,42.30271,-76.48976,1897.2495402344828,lost_hikers_2022/41598_2022_9502_MOESM3_ESM.csv,REAL_INCIDENT_ENDPOINTS
49,42.34432,-77.47638,42.36077,-77.48593,1990.3979283321737,lost_hikers_2022/41598_2022_9502_MOESM3_ESM.csv,REAL_INCIDENT_ENDPOINTS
50,42.74271,-73.45475,42.75163,-73.46259,1180.5204886456104,lost_hikers_2022/41598_2022_9502_MOESM3_ESM.csv,REAL_INCIDENT_ENDPOINTS
51,43.06902,-74.48481,43.05475,-74.4839,1588.4751006638032,lost_hikers_2022/41598_2022_9502_MOESM3_ESM.csv,REAL_INCIDENT_ENDPOINTS
52,43.42473,-73.73209,43.42878,-73.73981,769.0757589159082,lost_hikers_2022/41598_2022_9502_MOESM3_ESM.csv,REAL_INCIDENT_ENDPOINTS
53,43.42498,-74.41496,43.41592,-74.4142,1009.2956094261734,lost_hikers_2022/41598_2022_9502_MOESM3_ESM.csv,REAL_INCIDENT_ENDPOINTS
54,43.42736,-74.4481,43.44347,-74.45004,1798.1885234445274,lost_hikers_2022/41598_2022_9502_MOESM3_ESM.csv,REAL_INCIDENT_ENDPOINTS
55,43.4332,-74.41433,43.45684,-74.41519,2629.5684318227777,lost_hikers_2022/41598_2022_9502_MOESM3_ESM.csv,REAL_INCIDENT_ENDPOINTS
56,43.4449,-74.4086,43.43407,-74.40747,1207.693808397974,lost_hikers_2022/41598_2022_9502_MOESM3_ESM.csv,REAL_INCIDENT_ENDPOINTS
57,43.51063,-74.57393,43.53014,-74.57169,2176.9214314529563,lost_hikers_2022/41598_2022_9502_MOESM3_ESM.csv,REAL_INCIDENT_ENDPOINTS
58,43.65649,-76.00019,43.65566,-76.0115,914.5498857490308,lost_hikers_2022/41598_2022_9502_MOESM3_ESM.csv,REAL_INCIDENT_ENDPOINTS
59,43.73413,-74.25577,43.73701,-74.28305,2215.020461358886,lost_hikers_2022/41598_2022_9502_MOESM3_ESM.csv,REAL_INCIDENT_ENDPOINTS
60,43.8756,-74.43076,43.91132,-74.37437,6016.0857276225315,lost_hikers_2022/41598_2022_9502_MOESM3_ESM.csv,REAL_INCIDENT_ENDPOINTS
61,43.95385,-75.15748,43.99774,-75.16148,4890.837012936942,lost_hikers_2022/41598_2022_9502_MOESM3_ESM.csv,REAL_INCIDENT_ENDPOINTS
62,44.16065,-73.85545,44.1547,-73.85942,733.5051800770021,lost_hikers_2022/41598_2022_9502_MOESM3_ESM.csv,REAL_INCIDENT_ENDPOINTS
63,44.19013,-74.81336,44.18772,-74.79719,1316.8210900295462,lost_hikers_2022/41598_2022_9502_MOESM3_ESM.csv,REAL_INCIDENT_ENDPOINTS
64,44.28656,-74.61429,44.28923,-74.60208,1016.2260809383972,lost_hikers_2022/41598_2022_9502_MOESM3_ESM.csv,REAL_INCIDENT_ENDPOINTS
65,48.1103,-121.4917,48.142,-121.4739,3764.3385563846123,lost_hikers_2022/41598_2022_9502_MOESM3_ESM.csv,REAL_INCIDENT_ENDPOINTS
